symbol,avg_daily_volume
A,2266051
AA,7576017
AAL,65158828
AAOI,7744530
AAON,952475
AAP,1989277
AAPL,46824523
ABAT,5314319
ABBV,7294479
ABCL,4068799
ABEO,1221468
ABEV,24590610
ABNB,4574956
ABR,4287303
ABSI,3483675
ABT,11951585
ABTC,13743513
ABUS,2089516
ABVE,1702476
ABVX,1278977
ACAD,1609485
ACB,1023770
ACDC,1256965
ACGL,1976577
ACH,1294769
ACHC,3625586
ACHR,35435783
ACI,7476213
ACLX,2172643
ACM,1494271
ACMR,1493947
ACN,7008664
ACRS,2230103
ACRV,1693949
ACVA,3125676
ACXP,3059319
ADBE,5701488
ADC,1320053
ADI,3978719
ADM,4038245
ADMA,2926633
ADNT,1092083
ADP,3639791
ADPT,2005508
ADSK,2150458
ADT,10458782
ADTN,1288561
AEE,1708068
AEG,5303978
AEHR,1420036
AEM,2813432
AEO,5799831
AEP,3640830
AER,1304728
AES,12524930
AESI,2690490
AEVA,2698643
AFL,2292892
AFRM,6316282
AG,25361813
AGAE,4186169
AGI,4013706
AGIG,1168879
AGIO,1016346
AGL,6453811
AGNC,21784435
AGRO,1065236
AGRZ,5898579
AHCO,1238139
AHR,2783929
AHRT,1704954
AI,6870730
AIB,3008016
AIFF,7837855
AIG,4562164
AIIO,7105087
AIM,4533704
AIOS,1662317
AIOT,1530007
AIRE,4299095
AIRS,2586179
AIV,3322064
AIXI,1125390
AJG,2362229
AKAM,4179411
AKBA,3344735
AKR,1269471
AL,1854586
ALAB,5108642
ALB,2807232
ALBT,6487389
ALC,1610214
ALDX,2572656
ALEC,952464
ALGM,2462815
ALGN,1236602
ALHC,2975409
ALIT,25779923
ALK,3842482
ALKS,2060287
ALKT,1954431
ALL,1679584
ALLO,5798164
ALLY,3720650
ALM,4871573
ALMS,2963269
ALNY,1341201
ALT,4785717
ALTO,1589897
ALTS,3786945
AM,2791885
AMAT,7489169
AMBP,1386113
AMC,36158043
AMCI,994446
AMCR,6771337
AMD,35775432
AME,1379258
AMGN,2819542
AMH,4408403
AMIX,3246259
AMKR,4336359
AMLX,1300096
AMN,1352837
AMOD,2239454
AMPL,1989358
AMPX,8626341
AMRX,2638443
AMRZ,3327082
AMSC,1030211
AMT,3121064
AMTM,2058539
AMTX,1128013
AMX,2427724
AMZE,3334198
AMZN,48542987
ANET,7728500
ANF,1654590
ANGI,1292054
ANNA,3936230
ANNAW,1877974
ANNX,2707077
ANTX,1324379
AON,1393135
AOS,1373212
APA,7437321
APD,1492302
APG,2542003
APGE,988339
APH,9919032
APLD,27098113
APLE,2374224
APLS,2811915
APO,4951702
APP,5883100
APPN,1028597
APPS,2892853
APRE,2107272
APTV,2299334
AQN,4879993
AQST,4778709
AR,6048707
ARAI,1007162
ARAY,1141069
ARBE,4598971
ARCC,7274393
ARCO,1394035
ARDX,4655846
ARE,2467699
AREC,4117185
ARES,3766939
ARHS,1276319
ARI,1320062
ARIS,2106112
ARLO,1417494
ARM,5984881
ARMK,2920736
AROC,1577900
ARQT,1516797
ARR,3660967
ARRY,6384433
ARTL,1381726
ARWR,2908810
ARX,1151959
AS,4518429
ASAN,5196926
ASB,2365974
ASBP,966593
ASM,6762832
ASML,1724574
ASNS,28690944
ASO,1577938
ASPI,5423581
ASPN,1721894
ASST,4702258
ASTI,3052528
ASTL,1648863
ASTS,15371190
ASX,7660830
ATAI,4847747
ATAT,1148254
ATCH,4602029
ATEC,3008157
ATI,1938612
ATO,1360475
ATOM,2272115
ATON,5836755
ATPC,2161145
ATXG,1641828
ATYR,1813246
AU,3030782
AUB,1070620
AUGO,976722
AUID,5723303
AUPH,983710
AUR,18064903
AUST,1531068
AUTL,1903565
AUUD,2239079
AVAH,1246785
AVAV,1838451
AVB,1102098
AVGO,26476992
AVPT,1983413
AVR,1279979
AVT,1110569
AVTR,11926690
AVXL,1433072
AWK,1726752
AXGN,961326
AXIA,2170915
AXP,3519363
AXTA,3248514
AXTI,8258246
AZN,2929934
AZTR,19692153
B,15531005
BA,7432307
BABA,11970993
BAC,41187687
BAH,2484302
BAK,2148583
BALL,2147214
BAM,3359238
BANC,2704650
BANL,1027147
BARK,1706238
BATL,13524831
BAX,9931210
BB,7209765
BBAI,57594007
BBBY,1832487
BBD,40324574
BBIO,2841025
BBNX,1282036
BBVA,2048766
BBWI,5269338
BBY,4708367
BC,983409
BCAB,2455635
BCE,3464380
BCRX,5111458
BCS,7347055
BDMD,2071967
BDN,3720921
BDSX,1443594
BDX,2702985
BE,11003618
BEAM,1843277
BEAT,1618685
BEEM,1378732
BEKE,4783789
BEN,5289498
BEPC,1081681
BETA,1401704
BFLY,6007961
BG,1759952
BGC,2330433
BGL,1396250
BGS,2171707
BHC,2304979
BHP,4316764
BHVN,2800689
BIAF,7175669
BIDU,2872655
BIIB,1321597
BILI,2772346
BILL,2806016
BIRK,2654741
BITF,35768142
BJ,1853265
BK,3620503
BKD,4918418
BKH,968313
BKKT,1521362
BKR,9749826
BKSY,1479363
BKYI,3244478
BL,1192292
BLDP,3167101
BLDR,2290241
BLMN,2862809
BLND,3525952
BLNK,2846890
BLSH,1914706
BMBL,4082055
BMEA,1087954
BMNR,44256830
BMRN,2287690
BMY,13684667
BN,5539090
BNAI,9195374
BNKK,1376098
BNL,1791247
BNS,2024920
BNTX,1216015
BOBS,1653694
BORR,6604852
BOX,2657620
BOXL,6628889
BP,11691050
BPRE,1055061
BR,1342142
BRBR,3932138
BRCC,1062355
BRKR,2384748
BRLS,1507167
BRO,3259772
BROS,4804287
BRSL,1549737
BRTX,8868856
BRX,2929242
BRZE,2724100
BSBR,1006122
BSX,14259968
BSY,3030223
BTAI,1353199
BTBT,26675094
BTDR,7581707
BTE,19105208
BTG,39786872
BTGO,1412612
BTI,4760774
BTQ,2298502
BTSG,2377341
BTTC,1303163
BTU,3133538
BUD,2270765
BULL,11166691
BUR,1839717
BURU,19537155
BVN,1823339
BW,3942552
BWA,2948762
BWIN,1647950
BWXT,995373
BX,7707976
BXMT,1382022
BXP,2513249
BXSL,2571074
BYND,39510067
BZ,3820972
BZAI,2514208
C,15120816
CABA,2969789
CADL,1065657
CAG,13451191
CAH,1747583
CAI,2519984
CAKE,1369384
CALC,1227135
CALM,1238111
CALX,1049912
CALY,3008836
CAN,15489197
CANG,998433
CAPR,1436431
CAPT,1475977
CARG,1253691
CARR,7163167
CARS,1248847
CART,5118630
CAT,2814388
CATX,3496028
CAVA,3689045
CB,1708777
CBRE,2132206
CBRL,1438953
CBSH,1334040
CBZ,1143731
CC,3532994
CCC,12590886
CCCC,2033501
CCEP,1746559
CCHH,8574689
CCI,3296473
CCJ,4155129
CCK,1139924
CCL,22989222
CCO,6632523
CCOI,1242479
CDE,24634484
CDIO,3989328
CDNS,2385105
CDP,1226500
CDW,1735260
CDXS,2203236
CE,2448526
CEG,3598072
CELH,4949279
CENN,2311364
CENX,2375388
CERS,1648033
CERT,2867581
CETX,4131005
CF,3895294
CFFN,1000505
CFG,5253112
CG,3061596
CGAU,2173230
CGC,13442170
CGNX,2161517
CGON,1302991
CGTL,1287821
CHD,2312085
CHGG,1189788
CHKP,1256023
CHOW,8474292
CHRD,1008886
CHRS,2192898
CHRW,2243584
CHTR,1882660
CHWY,7756151
CHYM,3867865
CI,1717522
CIEN,3271952
CIFR,27966516
CIG,5469531
CISS,3723135
CJMB,3595054
CL,6843683
CLBT,1664327
CLF,17978231
CLM,2536444
CLMT,1329749
CLNE,1254980
CLOV,5865276
CLS,2453891
CLSK,25292670
CLVT,7204885
CLX,2198666
CM,1223319
CMBT,2126591
CMC,1245922
CMCSA,37829307
CMCT,6299853
CME,2188831
CMG,17171195
CMPS,2787955
CMPX,2227238
CMRC,1069065
CMS,3010443
CNC,6309378
CNDT,1518369
CNEY,2174764
CNH,13350580
CNI,1682251
CNK,2573581
CNM,2070793
CNP,5367779
CNQ,10296437
CNTA,1287979
CNTX,1564817
CNX,2347570
CNXC,1282394
CODI,1358193
CODX,1968611
COF,5506719
COGT,2094396
COHR,7258622
COIN,11781331
COLB,2939245
COLD,4929067
COMP,19981633
COO,2068225
COP,9670563
COR,1245896
CORT,2272390
CORZ,11030119
COST,2254534
COTY,8253733
COUR,4858675
CP,2542338
CPB,7920609
CPNG,24675006
CPRI,2986995
CPRT,9334835
CPRX,1248284
CPT,1202257
CRBG,3899816
CRBU,1212196
CRC,954357
CRCL,14497855
CRDF,1146358
CRDO,6833968
CREG,1891960
CRF,1691461
CRGY,7568679
CRH,5268436
CRI,1275757
CRK,2513515
CRM,11795782
CRMD,2555987
CRML,16036311
CRNC,950185
CRNX,1195130
CRON,1369313
CROX,1282770
CRSP,1940892
CRSR,2248990
CRVS,3482342
CRWD,3770404
CRWV,25411562
CSAN,2331125
CSCO,24221202
CSGP,6811224
CSIQ,3149417
CSTE,1048619
CSTM,2017838
CSX,13426998
CTAS,1960737
CTLP,1227001
CTM,1397229
CTMX,6132800
CTRA,11229267
CTRE,2993374
CTRI,1380176
CTSH,6530003
CTVA,3923948
CUBE,2470254
CUE,1766700
CUK,2703764
CURV,1193864
CURX,4335937
CUZ,2087364
CVBF,1441538
CVE,14835210
CVGI,1060861
CVI,1451299
CVLT,1070834
CVNA,3787868
CVS,8691447
CVX,12510212
CWAN,12530421
CWEN,1029508
CWH,2962761
CWK,2066364
CX,6697563
CXAI,9591688
CXM,2580242
CXW,1136139
CYCN,1486755
CYH,1612607
CYN,3659225
CYPH,2973694
CYTK,2021148
CZR,6148031
D,6001690
DAIC,3166311
DAL,9988095
DAN,1601498
DAR,2580975
DASH,4903772
DAWN,4370669
DB,3210495
DBRG,5827806
DBX,4074735
DC,1822037
DCH,6721142
DD,4701176
DDD,3667193
DDL,2399794
DDOG,5730385
DE,1585206
DECK,2646813
DEFT,4205088
DEI,2713927
DELL,8183544
DEO,1973313
DEVS,969470
DFDV,1514744
DFNS,1898231
DFTX,1831700
DG,3149621
DGNX,3385927
DGX,962658
DGXX,2684156
DHC,2173369
DHI,3062789
DHR,3845248
DHT,4082881
DINO,2960667
DIS,11755648
DJT,5834063
DK,1508729
DKI,4747016
DKNG,14738342
DKS,1219708
DLO,1254468
DLR,1995698
DLTR,3088599
DLXY,1619843
DNA,1082996
DNLI,1629759
DNN,47026189
DNOW,3112055
DNTH,994693
DNUT,2443067
DOC,9138852
DOCN,3118781
DOCS,3428983
DOCU,4645264
DOGZ,1146817
DOMO,1847171
DOV,1252679
DOW,13442049
DOX,1308553
DPRO,2151462
DRCT,2674658
DRH,2602194
DRI,1609266
DRMA,3394711
DRS,1217060
DRVN,1573829
DT,6984200
DTE,1525015
DUK,4389015
DUOL,2672577
DV,2710237
DVA,1072914
DVLT,72927675
DVN,13414413
DVS,1568565
DX,6863484
DXC,2385148
DXCM,4939099
DXST,1891170
DXYZ,1082796
DYN,2231370
EA,2481930
EAT,1209182
EBAY,5202620
EBC,2051099
EBS,956775
EC,3302216
ECC,2453109
ECL,1346802
ECVT,1648637
ECX,4897955
ED,2170072
EDIT,1791812
EDSA,4276101
EFC,2178572
EFX,1696911
EGO,2462537
EGY,1407717
EHAB,1256311
EHC,1191170
EIX,3460234
EJH,1540479
EKSO,2092047
EL,3968437
ELAN,4859119
ELBM,1114149
ELDN,1012411
ELF,2086706
ELME,4150548
ELS,1937106
ELV,1860887
ELVN,1081361
EMBJ,1135914
EMN,1757183
EMPD,962344
EMR,3250251
ENB,5068260
ENOV,1094540
ENPH,6687018
ENR,1275212
ENSC,6004862
ENTG,2915826
ENVX,6258335
EOG,5315921
EOLS,1304038
EONR,25034275
EOSE,22586764
EPAM,1147711
EPD,4423412
EPRT,1987833
EQH,3008343
EQNR,6568473
EQPT,1862902
EQR,2552149
EQT,9923282
EQX,9961589
ERAS,6216207
ERIC,9432653
ERNA,1600626
ERO,1805021
ES,2610873
ESI,2633511
ESPR,4894387
ESRT,1626070
ESTC,2054026
ET,15506669
ETN,2866809
ETOR,1376228
ETR,2561195
ETSY,3555313
EU,3332468
EVEX,1193163
EVGO,3989278
EVH,3093861
EVLV,2997073
EVRG,2190866
EVTL,1173250
EVTV,28005346
EW,4241084
EWBC,1187433
EWTX,1114357
EXAS,2857294
EXC,8624909
EXE,3821887
EXEL,2865668
EXK,14499497
EXLS,2033657
EXPD,1546930
EXPE,2648842
EXPI,1096069
EXR,1322498
EXTR,1616388
EYE,1221124
EYPT,1325643
EZRA,16042787
F,64023600
FA,1115748
FAF,1084773
FANG,2668498
FAST,8890608
FATE,1702337
FATN,1287282
FBGL,2251732
FBIN,2702075
FBIO,969574
FBLG,1674667
FBP,1380965
FBRT,1047166
FCEL,1895235
FCX,20273404
FDX,2010933
FE,4612215
FEED,9918152
FER,1355686
FERG,1306730
FFAI,13298678
FFBC,979696
FFIV,959670
FHB,1447135
FHN,6284347
FIBK,1133065
FIG,13255446
FIGR,5406344
FIGS,3293067
FINV,1262080
FIP,1021452
FIS,4755358
FISV,8365030
FITB,12123620
FIVE,1095678
FIVN,2391317
FJET,3069496
FLEX,3587358
FLG,5240047
FLNC,5289911
FLO,5000825
FLR,2896324
FLS,1430460
FLUT,3852502
FLY,3891536
FLYW,1594259
FLYX,2617566
FMC,4242819
FMFC,2219434
FNB,6731519
FND,2493290
FNF,1816542
FNKO,1147215
FOLD,7622380
FORM,1391793
FOUR,2329678
FOX,1715950
FOXA,3945522
FPS,4128592
FR,1080579
FRMI,6892715
FRO,3823023
FROG,3222748
FRPT,1357022
FRSH,5748751
FSCO,2044463
FSK,3725690
FSLR,2415582
FSLY,10579707
FSM,7846506
FTAI,1864667
FTI,3797005
FTNT,6658800
FTRE,1672075
FTV,3854158
FUBO,14289367
FULC,1044018
FULT,1962015
FUN,2390570
FUSE,3586607
FUTU,1552398
FVRR,1425043
FWONK,2050112
FWRG,1636440
G,2086791
GAME,1127742
GAP,7812672
GAU,3779441
GBCI,1041876
GBDC,2653433
GBTG,1575698
GCTS,4131887
GD,1369273
GDDY,2084034
GDRX,3130916
GDS,2264868
GDYN,1380258
GE,5409501
GEHC,3400362
GELS,991799
GEMI,1674324
GEN,6696592
GENB,1065993
GENI,6392107
GEO,2389611
GERN,15096303
GETY,2930962
GEV,2777604
GEVO,3218300
GFAI,2211212
GFI,3418087
GFL,1583860
GFS,4096807
GGAL,1177831
GGB,18654649
GGG,973031
GH,1917583
GIL,1305402
GILD,7161019
GILT,987367
GIS,8622974
GITS,2560332
GLBE,1518011
GLDD,1543328
GLDG,4435740
GLNG,1782691
GLOB,1410097
GLPI,2391932
GLUE,1661679
GLW,10424188
GLXY,6304403
GM,8196526
GMAB,1714279
GME,7147555
GMED,1245617
GNL,2114811
GNPX,1019214
GNRC,1122371
GNTA,1041950
GNTX,2215715
GNW,3734851
GO,3351652
GOF,1628584
GOGO,2257557
GOOG,20859335
GOOGL,32622941
GORO,6120414
GOSS,14876257
GP,1525285
GPC,1510595
GPCR,1035908
GPGI,3815431
GPK,7068869
GPN,3747078
GPRE,1501404
GPRO,3745709
GPUS,36962161
GRAB,45760333
GRAL,1266988
GRML,3276890
GRMN,958363
GRND,1487727
GROY,3376426
GRPN,1219435
GS,2421724
GSBD,1596943
GSIT,1618129
GSK,5240604
GSM,1248908
GSUN,1616571
GT,7305795
GTBP,1431496
GTES,2438937
GTLB,5904412
GTLS,1290365
GTM,9471160
GTN,1426489
GTX,2395428
GUTS,5336312
GVH,1580562
GWRE,1646062
GXAI,11547979
GXO,1292912
HAFN,1616581
HAIN,2018023
HAL,14860392
HALO,1871786
HAS,1837567
HASI,1019972
HAYW,1839407
HBAN,33260275
HBM,6111315
HCA,1088038
HCWB,8064727
HCWC,1490162
HD,4194198
HDB,7481650
HE,3215715
HESM,1425006
HIG,1546607
HIHO,2790347
HIMS,32528561
HIMX,2232329
HIVE,10673911
HIW,1410028
HL,24724985
HLF,1734910
HLIT,1082313
HLMN,1617337
HLN,8320732
HLT,1914224
HLX,2067564
HMC,1312229
HMY,5128493
HNGE,1228089
HNST,2001303
HOG,3421880
HOLX,2764503
HOMB,1369001
HON,4276067
HOOD,28048273
HP,1655875
HPE,17094230
HPK,1017686
HPP,1415292
HPQ,18668877
HQY,987308
HR,3527242
HRB,2400634
HRL,4605133
HRTX,1713722
HRZN,1062028
HSAI,2014705
HSBC,2190664
HSIC,1343062
HST,8355684
HSY,2022632
HTFL,1442404
HTGC,2515653
HTHT,1638986
HTZ,5882357
HUBS,1601506
HUM,1935612
HUMA,6803098
HUN,6536416
HURA,1625564
HUT,5060141
HUYA,2218141
HWM,2581874
HXHX,6977510
HXL,1270538
HYLN,1034131
HYMC,5652031
HYT,1207545
IAC,1087743
IAG,8785950
IAUX,12251830
IBIO,1726279
IBKR,4818155
IBM,5808547
IBN,6472617
IBO,4431731
IBRX,36403571
ICE,3704805
ICHR,982469
ICL,1584470
ICLR,1812511
ICON,987332
IE,2030953
IEP,1061462
IFF,1774436
IGR,1070337
IHS,1923924
IKT,1825929
ILMN,2022835
IMAX,1100124
IMMP,1325597
IMNM,1676916
IMRX,1837063
IMSR,2880115
IMTE,1239729
IMUX,3427497
IMVT,1412295
INBS,2395302
INCY,1907259
INDI,4241250
INDO,2854488
INDV,2443228
INFQ,3350119
INFY,18333558
ING,2808047
INLF,2213128
INMD,1094852
INN,1561258
INO,1235826
INOD,1196091
INSM,2409822
INSP,1261203
INTA,1250698
INTC,103868593
INTR,2975215
INTU,3773765
INV,1849261
INVH,6944785
INVZ,3722808
IOBT,9976366
IONQ,20952327
IONS,2210243
IOT,8316931
IOTR,1377915
IOVA,15316165
IP,6670292
IPSC,1874449
IQ,10040920
IQV,1995821
IR,3661352
IRDM,2189471
IREN,37566470
IRM,1879926
IRT,2738454
IRWD,4827509
ISPC,8084606
ISRG,1856621
IT,1558665
ITOC,1308779
ITRG,2873822
ITRM,1083145
ITUB,26211318
ITW,1422100
IVDA,4349123
IVF,7039974
IVR,2634435
IVVD,3113756
IVZ,5635050
JAGX,3778370
JAN,15390447
JANX,1464563
JAZZ,987541
JBHT,1045975
JBI,1450435
JBL,1178556
JBLU,20761967
JBS,4345412
JCI,5139807
JCSE,960066
JD,10048237
JDZG,2709285
JEF,2809590
JELD,1571816
JEM,9987217
JFR,982137
JHG,2927640
JHX,6151632
JKHY,968511
JMIA,2456776
JNJ,8743240
JOB,1623738
JOBY,26413202
JPC,1050580
JPM,10968836
JTAI,39662406
JZXN,3453185
KALA,6831690
KALV,977031
KBH,1149945
KBR,1439010
KC,1495544
KD,5084126
KDP,10432408
KEY,16229173
KEYS,1404365
KGC,11325610
KGS,1520210
KHC,16344956
KIM,5869581
KITT,5115840
KKR,7237665
KLAC,1098867
KLAR,5645830
KLC,1136443
KMB,5763656
KMI,13763504
KMPR,1019826
KMT,1475982
KMX,3401480
KNRX,1694018
KNTK,1319032
KNX,3112749
KO,17954008
KOPN,2673579
KOS,25436557
KR,7020048
KRC,2035461
KREF,1319072
KRG,1882150
KRMN,2048470
KSS,4462641
KT,1824477
KTOS,4181740
KULR,1790271
KURA,1475910
KUST,2496890
KVUE,41207034
KVYO,4172613
KW,1377449
LAB,1903094
LAC,12838289
LAES,8056120
LAR,3155777
LASE,1706820
LASR,1573691
LAUR,1894198
LAZ,1253765
LBGJ,40467682
LBRDK,1257893
LBRT,4175739
LBTYA,2742196
LBTYK,1116730
LC,2131665
LCID,7308816
LCTX,1149092
LDI,3732811
LDOS,1094431
LEG,1554066
LEGN,2279574
LEN,3059931
LENZ,955624
LEU,1113841
LEVI,2332831
LFMD,1240770
LFST,2158252
LGN,1020522
LGO,1610333
LGVN,5372993
LHSW,3379051
LHX,1463091
LI,3872672
LIDR,2746812
LIF,1529890
LILAK,960367
LIMN,8675052
LIN,2674148
LINE,1556315
LION,2824252
LITE,5695498
LKQ,2969298
LLY,3043139
LMND,2602847
LMT,1899360
LNAI,12685927
LNC,2196003
LNG,2496663
LNKS,3396261
LNT,2578106
LNTH,961814
LODE,1873787
LOGI,1224299
LOW,2742151
LPLA,964661
LPTH,2813644
LPX,1071550
LQDA,1846163
LRCX,11779085
LRHC,2863240
LRMR,4087830
LRN,1197586
LSCC,1940799
LTH,2854238
LTM,1392783
LTRX,957462
LU,1443756
LUCD,1278799
LUCY,3165838
LULU,2795174
LUMN,13112632
LUNR,11485664
LUV,10104453
LVS,5390888
LW,3921554
LWLG,3147600
LX,1535737
LXEH,1271468
LXEO,1006166
LXRX,2861890
LXU,958566
LYB,7873470
LYFT,17902941
LYG,16881581
LYV,2897246
LZ,3289265
M,7590643
MA,3771980
MAA,968764
MAC,1911085
MAIA,1044755
MAN,1299556
MAPS,1002138
MAR,1617431
MARA,45014611
MAS,2648574
MASI,1586369
MAT,5035742
MBAI,2485846
MBC,2150623
MBLY,7960351
MBOT,1942698
MC,1208655
MCD,3222093
MCHP,8958389
MCO,1301732
MCW,2498434
MDA,1034131
MDB,1860728
MDCX,3706773
MDLN,5904818
MDLZ,11019172
MDT,8073311
MDU,2062660
MDXG,1026122
MEHA,4413994
MET,3883921
META,14475646
METC,2723703
MFA,1453462
MFC,2345609
MFG,4492328
MFIC,981754
MGA,1878997
MGM,4904970
MGNI,2284170
MGNX,1104594
MGRX,7260278
MGY,3069976
MIAX,1258093
MICC,1406281
MIMI,5717367
MIR,3214994
MIST,2522780
MKC,3837353
MKSI,1462385
MLCO,2275018
MLEC,1356403
MLECW,1700078
MLTX,1923836
MLYS,1237595
MMED,1882672
MMM,4081705
MMYT,1734127
MNDR,1534504
MNDY,2342846
MNKD,5581439
MNST,6104225
MNTS,2944864
MO,10094582
MOBX,65747662
MOD,1358692
MOH,1862854
MOS,8390496
MOVE,991799
MP,7397169
MPC,2513043
MPLX,1651849
MPT,6719235
MQ,3894579
MREO,14696439
MRK,12084325
MRLN,952762
MRNA,11475113
MRNO,4523961
MRP,1422045
MRSH,2931669
MRVI,1331134
MRVL,16168867
MS,7161289
MSAI,1765230
MSFT,33851734
MSI,1151859
MSS,1486291
MSTR,22263719
MT,1841569
MTB,1250304
MTCH,6478895
MTDR,1855963
MTG,2198328
MTH,1010957
MTSI,1332053
MU,36473915
MUFG,3645557
MUR,2704007
MUX,1300037
MVIS,5469486
MVST,4226706
MWA,1097843
MWH,1046552
MXCT,1051644
MXL,1117162
MYGN,1852259
NABL,1559969
NAGE,1210943
NAK,10674442
NAKA,5846239
NAMM,9611001
NAT,4212457
NAVI,1049061
NAVN,1727475
NB,5308239
NBIS,14321654
NBIX,1131446
NCI,2762311
NCL,14860462
NCLH,20858771
NCNO,2128466
NDAQ,4477279
NE,2078504
NEE,9702101
NEM,10199590
NEO,1907620
NEOG,3424683
NESR,1729579
NET,4363342
NEWP,1088103
NEXT,3787490
NFE,13692860
NFGC,2269851
NFLX,48146850
NG,4035468
NGG,1072987
NI,3915572
NIO,46892143
NIQ,1277168
NKE,17026010
NKTR,1084996
NLY,8573709
NMFC,1228617
NMR,1675658
NMRA,1621192
NMRK,1434227
NN,1239316
NNDM,2318688
NNE,2051444
NNN,1457738
NNOX,1051284
NOC,954124
NOG,2433799
NOK,42109844
NOMD,1866300
NOV,4745418
NOW,17930490
NPT,957887
NRDS,1008112
NRG,2453366
NRGV,3744424
NRIX,1182332
NRXP,987084
NSA,2043549
NSC,1197899
NSP,1198381
NTAP,2458654
NTCL,2032006
NTLA,4737405
NTNX,4864066
NTR,3422008
NTRA,1194315
NTRS,1097108
NTSK,3482436
NTST,1493254
NU,51865434
NUAI,5571833
NUE,1677156
NUVB,5558170
NUWE,2119105
NVAX,5045172
NVCR,1877591
NVDA,175234576
NVO,24815451
NVRI,1414145
NVS,2269418
NVST,2787964
NVT,2241556
NVTS,22338770
NVVE,2667075
NVX,1008649
NWBI,1268770
NWG,3646855
NWL,6029834
NWS,1321519
NWSA,3837991
NXDR,4136422
NXE,9304684
NXPI,2814269
NXPL,1318913
NXT,1937263
NXXT,1850829
NYT,2252683
O,6615434
OBAI,2000259
OBDC,6190029
OC,1449575
OCG,2004102
OCGN,7480293
OCUL,6085653
ODD,2085154
ODFL,2251513
ODV,2781375
OGE,1603504
OGN,4922128
OHI,1944921
OI,2189217
OII,1237406
OIS,1120818
OKE,4960198
OKLO,10429747
OKTA,3076597
OLB,8831131
OLLI,1177456
OLMA,1795501
OLN,3118626
OLOX,1490233
OLPX,1903377
OMC,4882676
OMDA,1429248
OMER,2154754
OMF,1567183
ON,8485703
ONB,3125815
ONCY,1306998
ONDS,95094227
ONMD,4032627
ONON,5156867
OPAD,3733388
OPCH,1814781
OPEN,51615112
OPK,2983623
OPTT,14150971
OPTU,2240749
OPTX,2857046
OR,1512898
ORBS,13774873
ORC,7120015
ORCL,26858864
ORI,1975296
ORIC,1648863
ORKT,1053064
ORLA,2253870
ORLY,6041283
OS,4234399
OSCR,8011899
OSRH,1343976
OSS,2262344
OSW,1226470
OTEX,2024685
OTF,2391121
OTIS,3692260
OTLK,5270779
OUST,1898770
OUT,1396573
OVID,2594668
OVV,4885019
OWL,27354959
OXLC,1972432
OXSQ,1309722
OXY,14729850
OZK,1455130
PAA,3775818
PAAS,8697448
PACB,6987484
PACS,1019100
PAGP,1984945
PAGS,4082811
PALI,4441600
PANW,10053992
PAPL,1684956
PAR,1601579
PARR,1290400
PASW,3682899
PATH,34422766
PAVM,1007803
PAVS,2463910
PAYC,1820278
PAYO,4438617
PAYP,5972419
PAYX,3865383
PB,1220899
PBA,1489567
PBF,3606272
PBI,2405389
PBR,27220011
PCAR,3169420
PCG,21664777
PCOR,2377308
PCT,4502032
PCVX,1404314
PD,3131338
PDD,7802556
PDI,3152365
PDYN,4436737
PEB,2195384
PEG,2898478
PEGA,2194431
PELIR,1097232
PEN,980859
PENG,1203753
PENN,4418741
PEP,8049134
PFE,45479944
PFG,1785327
PFGC,2289195
PFLT,1166744
PG,11415947
PGEN,4062565
PGNY,1567320
PGR,3481758
PGY,3948799
PHAT,1144231
PHGE,1000444
PHIO,3784755
PHM,1837206
PHR,1563351
PICS,1153656
PINS,18657691
PK,3831417
PKG,1062262
PL,13454922
PLAB,1128283
PLAY,1176504
PLBY,1113719
PLD,3347267
PLG,4032576
PLNT,1867040
PLTK,1799621
PLTR,47684985
PLUG,95784065
PLX,1265495
PLYX,2998326
PM,5320218
PMT,1211614
PNC,2737914
PNFP,1756566
PNR,1698117
PNW,1315596
POAS,1178797
PODD,970041
POET,8843899
POLA,2007754
PONY,4306913
POR,1272861
PPCB,1813664
PPG,2180302
PPL,8680866
PPLC,1256090
PPTA,1909630
PR,12121177
PRCH,1581617
PRCT,1582622
PRGO,3092202
PRGS,966646
PRKS,1112781
PRMB,5904028
PRME,3044628
PROP,2057423
PRSO,7788242
PRU,2239489
PRZO,1605025
PSA,1221788
PSEC,4555188
PSKY,11144471
PSN,1249282
PSNL,1334894
PSO,1082294
PSQH,1789028
PSTG,3575969
PSTV,9373600
PSX,2832286
PTC,1081208
PTCT,1252388
PTEN,10935416
PTLO,1953751
PTON,12282815
PTRN,1050953
PTY,1369314
PUMP,2967352
PURR,3857276
PWP,964751
PWR,1053321
PYPL,23578821
PZG,1796015
PZZA,1321748
Q,2409154
QBTS,31040161
QCLS,1181019
QCOM,11837976
QDEL,1255330
QFIN,1673174
QGEN,2374577
QH,3825669
QNCX,64216025
QRVO,1352211
QS,13653660
QSI,4481151
QSR,3427364
QTWO,970403
QUBT,14158808
QURE,3329406
QXO,7956925
RAL,1806525
RANI,1100038
RARE,2843188
RAYA,995632
RBA,1443495
RBLX,11443085
RBNE,1352701
RBRK,3952797
RC,2928695
RCAT,15690507
RCI,1036575
RCKT,2706593
RCL,2447471
RCUS,1256037
RDDT,5365130
RDN,1386961
RDW,23498829
RDY,1867823
REAL,3195530
REAX,1656826
REG,1385615
REI,3920913
REKR,2585755
RELX,3959386
RELY,3647369
RENX,29898189
REPL,1394487
RERE,1378904
RES,2439638
REXR,2605250
REYN,1019496
REZI,1287116
RF,14613862
RGLD,1118432
RGNX,1017642
RGTI,30473621
RH,1042450
RHI,3258734
RIG,44692670
RILY,1296482
RIME,7487797
RIO,3933635
RIOT,18362666
RITM,13357795
RITR,1400102
RIVN,31484256
RJF,1358862
RKLB,22803425
RKT,29804654
RLAY,2413722
RLJ,1765407
RLMD,1441073
RLX,2425979
RMBS,2312494
RMD,1031656
RNA,1612836
RNG,2414004
ROIV,6720364
ROK,968744
ROKU,3419445
ROL,3052561
ROLR,2434120
ROP,1617807
ROST,2513213
RPAY,1082381
RPD,1889956
RPGL,1845494
RPM,1041296
RPRX,3661077
RR,25458395
RRC,3317947
RRX,1052194
RSG,1400627
RSI,2019745
RTO,1524510
RTX,6065630
RUBI,3212368
RUM,1969474
RUN,9553468
RVLV,1129222
RVMD,3252261
RVTY,1298373
RWT,1690651
RXO,2442650
RXRX,19630990
RXT,23845747
RY,1321998
RYAAY,1417548
RYAM,1039507
RYAN,2019141
RYDE,2254554
RYN,3172475
RZLT,3914166
RZLV,22086490
S,8438059
SA,1242331
SABR,10304624
SAFX,24938590
SAIL,2800142
SAN,12699038
SANA,2607385
SAP,2870907
SARO,4303097
SATL,8765355
SATS,6535404
SBET,7028643
SBEV,1291538
SBH,1665793
SBLK,1632336
SBRA,2739741
SBS,1372702
SBSW,7760786
SBUX,9198594
SCCO,2100878
SCHW,10349502
SCI,1064256
SCNX,3302255
SDGR,1347954
SE,5883325
SEDG,3340004
SEE,2939715
SEGG,11017106
SEI,2801687
SEM,1832891
SEMR,2020274
SER,4420403
SERV,5740778
SES,7714429
SF,1456033
SFIX,2185157
SFL,1600524
SFM,2947290
SFNC,1203822
SG,4356282
SGHC,2541346
SGI,1863494
SGML,4001951
SGMO,5956400
SGRY,1660005
SHAK,1509018
SHC,2339375
SHEL,6145224
SHLS,4678674
SHO,1917482
SHOO,1497036
SHOP,11155255
SHPH,2562627
SHW,1742594
SID,5301156
SIDU,38402915
SIG,954104
SIRI,4849390
SJM,2020255
SKE,1040619
SKM,1570667
SKT,1023308
SKYT,2096788
SKYX,1149294
SLB,19532661
SLDB,1324405
SLDE,1656661
SLDP,5508361
SLG,1344870
SLGB,3040018
SLGN,952174
SLI,2650856
SLM,3704902
SLMT,1111295
SLNH,4568236
SLNO,1542398
SLQT,1483794
SLS,9589481
SM,6677416
SMCI,36284858
SMFG,2175185
SMMT,2564506
SMPL,2202899
SMR,25906736
SMRT,1190973
SMTC,1679938
SMXT,1108228
SN,1738446
SNAP,46638223
SNCY,1384153
SNDK,18126053
SNDL,1707560
SNDR,956112
SNDX,1340781
SNOW,5680292
SNPS,2158268
SNY,4081773
SO,5924676
SOAR,4300162
SOBO,1009936
SOBR,2592576
SOC,8279184
SOFI,61212967
SOLS,3611007
SOLV,1112313
SON,980984
SONO,1745140
SONY,6077896
SOPA,5580240
SOUN,26643123
SOWG,1628791
SPCE,3387487
SPG,1580519
SPGI,2480007
SPHL,2071958
SPOT,2850407
SPRY,1453791
SPT,1617578
SPWR,1596349
SQM,1334568
SRAD,2613872
SRE,3778064
SRFM,3555668
SRPT,2614420
SRRK,1169422
SRXH,29508588
SSL,2320540
SSNC,2199314
SSRM,4072023
SSYS,1047711
ST,1847588
STAA,1509397
STAG,1422051
STAK,4695966
STEP,1215205
STEX,1878207
STGW,1965299
STIM,1996435
STKL,2777369
STLA,17140346
STLD,1282822
STM,7815929
STNE,5327526
STNG,1154898
STRC,1476166
STT,2160801
STUB,3988910
STWD,3681302
STX,4091835
STZ,2418505
SU,5323759
SUNB,6107653
SUNE,3893947
SUPV,1018954
SUUN,1980836
SUZ,3307194
SVC,1641831
SVM,6498539
SVRA,1778027
SVRN,4411589
SVV,999231
SW,6112766
SWIM,1003101
SWK,1828651
SWKS,3722306
SWMR,11690790
SXC,1725669
SXTP,4459309
SYF,4495245
SYK,1991716
SYM,1770760
SYNX,1364072
SYY,3631379
T,44172082
TAC,1530471
TAK,2863740
TAL,3858348
TALK,3409177
TALO,2179270
TAP,3093547
TARA,1120671
TBLA,1740798
TCOM,3849873
TCPC,1312595
TD,2351163
TDAY,1563310
TDC,1827894
TDIC,1661692
TDOC,6356786
TDS,955500
TDUP,2293205
TE,18839112
TEAD,1938231
TEAM,5868832
TECH,2345958
TECK,4606879
TEL,2110663
TEM,5328457
TENB,2599402
TER,3325568
TERN,2222747
TEVA,9022438
TEX,1902336
TFC,9503071
TGB,7423791
TGNA,1792791
TGT,6734944
TGTX,2099466
THC,1003043
THH,3252302
THM,1944673
THRY,1227226
TIC,2543137
TIGO,1256441
TIGR,3016315
TIVC,1038568
TJX,5069657
TKC,1121912
TKO,994414
TLIH,2106582
TLRY,4213958
TLYS,1202313
TMC,7858325
TMDE,6801669
TME,7887992
TMHC,1045507
TMO,2274265
TMQ,4904692
TMUS,6083899
TNDM,1911117
TNGX,3399821
TNON,1025530
TNYA,4564943
TOI,2040711
TOL,1230162
TOST,11029442
TOVX,9959382
TPET,32582528
TPG,3542992
TPH,2359848
TPR,2311854
TREX,2002358
TRGP,1397151
TRI,2578885
TRIB,3239907
TRIN,1397938
TRIP,3354218
TRMB,2028426
TRON,1031087
TROW,2240601
TROX,3903546
TRP,2425871
TRU,2648566
TRV,1604321
TRVI,1371464
TRX,7096316
TS,1651358
TSCO,6756834
TSEM,2237222
TSHA,2631940
TSLA,61426032
TSLX,993078
TSM,13284089
TSN,3022691
TSSI,1446163
TT,1557848
TTAN,1417156
TTC,985895
TTD,17063621
TTE,1764186
TTEK,2754282
TTI,1910225
TTMI,2488719
TTWO,2159072
TU,5721344
TURB,4716722
TUYA,2076124
TV,1365751
TVTX,2012611
TW,1472563
TWLO,2362914
TWO,3675097
TWST,1266421
TXG,2539825
TXN,7617395
TXNM,1125882
TXRH,968662
TXT,1793985
U,16389943
UA,5039949
UAA,12318169
UAL,6304810
UAMY,14702862
UAVS,7967518
UBER,20033383
UBS,2518189
UCAR,6981237
UCTT,1346186
UDMY,2107169
UDR,4139719
UE,972034
UEC,10895661
UGI,1993932
UGP,2049217
UL,3556910
ULCC,3920398
ULS,1012234
UMAC,4317295
UMC,10061792
UNH,9870762
UNIT,2060627
UNM,1640598
UNP,3289475
UP,4722865
UPB,1304172
UPS,6921742
UPST,5231234
UPWK,3515071
UPXI,5574362
URBN,1743183
URG,9644324
UROY,2892223
USA,1162539
USAR,19058272
USAS,7681350
USB,10886923
USBC,1477504
USEG,5766367
USFD,2851585
UTZ,1704052
UUUU,13244557
UWMC,18602136
V,7736582
VAL,1569386
VALE,37594207
VEEA,1527203
VEEE,4925892
VEEV,2059461
VELO,2093510
VERA,1182163
VERI,2083366
VERX,2084848
VET,2153802
VFC,6636413
VFF,1311232
VG,19065097
VGZ,2080313
VHUB,1859728
VIAV,5094832
VICI,10177956
VIK,2410241
VIPS,2101191
VIR,3503029
VIRT,1156924
VISN,4137858
VIST,1446471
VITL,2032143
VIVS,1618895
VKTX,2979623
VLN,2030292
VLO,3992006
VLTO,1861519
VLY,8169999
VMC,1193538
VNDA,3195790
VNET,6516163
VNO,1956257
VNOM,3306452
VNRX,8192450
VNT,1119893
VOD,4524629
VOR,962937
VOYA,986210
VOYG,1577773
VRDN,1455683
VRE,1535863
VRME,4040490
VRNS,3093901
VRRM,1548262
VRSK,1923086
VRT,8676165
VRTX,1433470
VSAT,1766169
VSCO,2178386
VSH,2135028
VSME,2646228
VSNT,4483744
VST,5425789
VSTM,1833493
VSTS,2023152
VTAK,1089093
VTEX,1138783
VTGN,1233112
VTR,2889576
VTRS,10440009
VUZI,1590884
VVR,1098410
VVV,1942150
VYX,2050122
VZ,31579853
VZLA,10957915
W,3425448
WAL,1325188
WAT,1029541
WAY,2555049
WB,1001504
WBD,26726326
WBS,4117595
WCN,1593511
WDAY,4890790
WDC,9596669
WDS,1142766
WEAV,1921549
WEC,2205104
WELL,3144865
WEN,8496604
WERN,1200188
WES,1421868
WETO,1836872
WFC,16943994
WFRD,1318655
WGRX,2260670
WH,1348715
WHD,1009164
WHR,2456422
WIT,11574818
WIX,2218305
WLK,1352980
WLTH,1667685
WM,2168776
WMB,7161300
WMG,2284316
WMT,31157457
WNW,20991932
WOLF,1612286
WOOF,2660401
WORX,13457037
WPC,1304704
WPM,2470183
WRB,2405516
WRBY,3425536
WRD,4309403
WRN,2049624
WSC,1979954
WSM,1158277
WT,3600081
WTI,4877210
WTRG,2389553
WTTR,1292451
WU,8454763
WULF,29558674
WVE,3288225
WWR,2091303
WWW,1496586
WY,6806224
WYNN,1653185
XAIR,7422423
XEL,5113372
XENE,1356978
XERS,2034747
XHLD,3092058
XIFR,1391424
XMTR,1012975
XOM,20910797
XP,6552787
XPEV,7108084
XPO,1719874
XPON,1197084
XPRO,1107192
XRAY,4781517
XRX,3562486
XTIA,2528999
XTKG,1061821
XWEL,8650162
XXI,1521906
XYL,1744088
XYZ,8417998
YCBD,1410798
YELP,1396134
YETI,1492535
YEXT,2787300
YMAT,1256962
YMM,8592300
YOU,1557856
YPF,1792656
YSS,2043172
YUM,1952045
YUMC,1594575
YYAI,1905490
YYGH,2150996
Z,4285498
ZBH,2130765
ZD,1054193
ZENA,1403404
ZETA,8765198
ZG,1159722
ZIM,3966344
ZION,1821429
ZIP,1401316
ZM,3938066
ZNTL,1278031
ZONE,2323569
ZS,2526463
ZSPC,1245573
ZTO,2157720
ZTS,4508311
ZVRA,1123688
ZWS,980958
